grandprix,year,driver_name,driver_code,driver_number,track,track_type,wet_dry,fastest_lap_time,avg_lap_time,avg_sector_1_time,avg_sector_2_time,avg_sector_3_time,pitstops,grid_position,finished_position
Bahrain Grand Prix,2024,Max VERSTAPPEN,VER,1,Sakhir,circuit,dry,92.608,95.79924074074073,31.408017857142855,41.417500000000004,23.736232142857144,2,1.0,1.0
Bahrain Grand Prix,2024,Logan SARGEANT,SAR,2,Sakhir,circuit,dry,94.735,98.92774509803921,33.56296296296296,42.477611111111116,24.322685185185183,3,18.0,20.0
Bahrain Grand Prix,2024,Daniel RICCIARDO,RIC,3,Sakhir,circuit,dry,95.163,97.57790566037735,31.694072727272726,42.38494545454545,24.24883636363636,2,14.0,13.0
Bahrain Grand Prix,2024,Lando NORRIS,NOR,4,Sakhir,circuit,dry,94.476,96.59933333333332,31.555,41.83548214285714,23.949375,2,7.0,6.0
Bahrain Grand Prix,2024,Pierre GASLY,GAS,10,Sakhir,circuit,dry,94.805,97.48275,32.36654545454546,42.13161818181818,24.227636363636364,3,20.0,18.0
Bahrain Grand Prix,2024,Sergio PEREZ,PER,11,Sakhir,circuit,dry,94.364,96.17988888888888,31.452642857142855,41.65235714285715,23.80832142857143,2,5.0,2.0
Bahrain Grand Prix,2024,Fernando ALONSO,ALO,14,Sakhir,circuit,dry,94.199,97.07846296296296,31.71014285714286,42.08407142857143,24.02632142857143,2,6.0,9.0
Bahrain Grand Prix,2024,Charles LECLERC,LEC,16,Sakhir,circuit,dry,94.09,96.52783333333333,31.594267857142857,41.81866071428571,23.83957142857143,2,2.0,4.0
Bahrain Grand Prix,2024,Lance STROLL,STR,18,Sakhir,circuit,dry,95.632,97.28312962962963,31.698803571428574,42.30896428571429,23.987660714285713,2,12.0,10.0
Bahrain Grand Prix,2024,Kevin MAGNUSSEN,MAG,20,Sakhir,circuit,dry,95.57,97.59192452830189,31.760127272727274,42.348690909090905,24.231345454545455,2,15.0,12.0
Bahrain Grand Prix,2024,Yuki TSUNODA,TSU,22,Sakhir,circuit,dry,95.833,97.61762264150944,31.841236363636366,42.377981818181816,24.157854545454544,2,11.0,14.0
Bahrain Grand Prix,2024,Alexander ALBON,ALB,23,Sakhir,circuit,dry,95.723,97.65598113207547,31.880363636363636,42.40829090909091,24.1248,2,13.0,15.0
Bahrain Grand Prix,2024,ZHOU Guanyu,ZHO,24,Sakhir,circuit,dry,95.458,97.55275471698114,31.858054545454547,42.33456363636363,24.11101818181818,2,17.0,11.0
Bahrain Grand Prix,2024,Nico HULKENBERG,HUL,27,Sakhir,circuit,dry,94.834,96.98271153846153,32.190703703703704,42.146654545454545,24.02807272727273,3,10.0,16.0
Bahrain Grand Prix,2024,Esteban OCON,OCO,31,Sakhir,circuit,dry,96.226,97.94715094339622,32.08150909090909,42.41089090909091,24.226418181818183,2,19.0,17.0
Bahrain Grand Prix,2024,Lewis HAMILTON,HAM,44,Sakhir,circuit,dry,94.722,96.63564814814815,31.525642857142856,42.003625,23.826875,2,9.0,7.0
Bahrain Grand Prix,2024,Carlos SAINZ,SAI,55,Sakhir,circuit,dry,94.507,96.22938888888888,31.451392857142856,41.79042857142857,23.708750000000002,2,4.0,3.0
Bahrain Grand Prix,2024,George RUSSELL,RUS,63,Sakhir,circuit,dry,95.065,96.60324074074073,31.616321428571432,41.98967857142857,23.756535714285715,2,3.0,5.0
Bahrain Grand Prix,2024,Valtteri BOTTAS,BOT,77,Sakhir,circuit,dry,96.202,97.88847169811321,31.55937037037037,42.500254545454546,24.252236363636364,2,16.0,19.0
Bahrain Grand Prix,2024,Oscar PIASTRI,PIA,81,Sakhir,circuit,dry,94.774,96.66498148148148,31.668839285714284,41.83464285714286,23.96617857142857,2,8.0,8.0
Saudi Arabian Grand Prix,2024,Max VERSTAPPEN,VER,1,Jeddah,street,dry,91.773,94.97260416666667,35.47083333333333,30.46573469387755,30.98316326530612,1,1.0,1.0
Saudi Arabian Grand Prix,2024,Logan SARGEANT,SAR,2,Jeddah,street,dry,93.026,97.17680851063831,36.747791666666664,31.035187500000003,31.062812500000003,1,19.0,14.0
Saudi Arabian Grand Prix,2024,Daniel RICCIARDO,RIC,3,Jeddah,street,dry,93.323,97.1478085106383,36.1061914893617,30.922875,30.650750000000002,1,14.0,16.0
Saudi Arabian Grand Prix,2024,Lando NORRIS,NOR,4,Jeddah,street,dry,91.944,97.462625,35.67591836734694,30.81926530612245,31.240632653061223,1,6.0,8.0
Saudi Arabian Grand Prix,2024,Pierre GASLY,GAS,10,Jeddah,street,dry,,,,,,0,18.0,
Saudi Arabian Grand Prix,2024,Sergio PEREZ,PER,11,Jeddah,street,dry,92.273,95.15260416666666,35.559448979591835,30.600591836734697,30.8745306122449,1,3.0,2.0
Saudi Arabian Grand Prix,2024,Fernando ALONSO,ALO,14,Jeddah,street,dry,92.387,95.73402083333333,35.77628571428571,30.738612244897958,31.04683673469388,1,4.0,5.0
Saudi Arabian Grand Prix,2024,Charles LECLERC,LEC,16,Jeddah,street,dry,91.632,95.39218749999999,35.636204081632656,30.681040816326533,30.932367346938776,1,2.0,3.0
Saudi Arabian Grand Prix,2024,Lance STROLL,STR,18,Jeddah,street,dry,95.56,95.79475,35.4545,30.18575,30.1545,0,10.0,
Saudi Arabian Grand Prix,2024,Kevin MAGNUSSEN,MAG,20,Jeddah,street,dry,92.338,96.788,36.576632653061225,30.918979591836734,30.991142857142858,1,13.0,12.0
Saudi Arabian Grand Prix,2024,Yuki TSUNODA,TSU,22,Jeddah,street,dry,93.523,97.16410638297872,36.856520833333335,31.009104166666663,31.015104166666664,1,9.0,15.0
Saudi Arabian Grand Prix,2024,Alexander ALBON,ALB,23,Jeddah,street,dry,92.307,96.83370833333333,36.66787755102041,30.878551020408164,30.98420408163265,1,12.0,11.0
Saudi Arabian Grand Prix,2024,ZHOU Guanyu,ZHO,24,Jeddah,street,dry,92.208,98.50240425531915,37.08583333333333,31.003083333333333,31.2236875,1,,18.0
Saudi Arabian Grand Prix,2024,Nico HULKENBERG,HUL,27,Jeddah,street,dry,92.366,98.01370833333334,36.264714285714284,30.91938775510204,31.112244897959183,1,15.0,10.0
Saudi Arabian Grand Prix,2024,Esteban OCON,OCO,31,Jeddah,street,dry,93.481,97.1599574468085,36.804148936170215,30.97564583333333,31.07766666666667,1,17.0,13.0
Saudi Arabian Grand Prix,2024,Oliver BEARMAN,BEA,38,Jeddah,street,dry,92.186,95.91131250000001,35.92681632653061,30.797836734693878,30.894346938775513,1,11.0,7.0
Saudi Arabian Grand Prix,2024,Lewis HAMILTON,HAM,44,Jeddah,street,dry,91.746,97.50581249999999,36.22747916666667,30.553673469387757,31.004428571428573,1,8.0,9.0
Saudi Arabian Grand Prix,2024,George RUSSELL,RUS,63,Jeddah,street,dry,92.254,95.816125,36.02730612244898,30.66708163265306,30.912755102040816,1,7.0,6.0
Saudi Arabian Grand Prix,2024,Valtteri BOTTAS,BOT,77,Jeddah,street,dry,92.706,97.17282608695652,36.910645833333334,31.073020833333334,31.214895833333333,2,16.0,17.0
Saudi Arabian Grand Prix,2024,Oscar PIASTRI,PIA,81,Jeddah,street,dry,92.31,95.67087500000001,35.80277551020408,30.685244897959183,30.99310204081633,1,5.0,4.0
Australian Grand Prix,2024,Max VERSTAPPEN,VER,1,Melbourne,street,dry,83.115,83.607,29.208,18.474,35.925,0,1.0,
Australian Grand Prix,2024,Daniel RICCIARDO,RIC,3,Melbourne,street,dry,81.239,84.43570370370371,29.461581818181816,18.610071428571427,36.60203571428571,2,18.0,12.0
Australian Grand Prix,2024,Lando NORRIS,NOR,4,Melbourne,street,dry,79.915,83.05785454545455,28.930535714285714,18.278035087719296,36.01757894736842,2,4.0,3.0
Australian Grand Prix,2024,Pierre GASLY,GAS,10,Melbourne,street,dry,81.09,84.95246296296297,29.606285714285715,18.629214285714287,36.86257142857143,2,17.0,13.0
Australian Grand Prix,2024,Sergio PEREZ,PER,11,Melbourne,street,dry,80.388,83.91169090909091,29.184842105263158,18.49094736842105,36.372,2,3.0,5.0
Australian Grand Prix,2024,Fernando ALONSO,ALO,14,Melbourne,street,dry,80.493,84.2774909090909,29.153140350877194,18.555982456140352,36.73529824561403,2,10.0,8.0
Australian Grand Prix,2024,Charles LECLERC,LEC,16,Melbourne,street,dry,79.813,82.96140000000001,28.887290909090908,18.22463157894737,36.027403508771926,2,5.0,2.0
Australian Grand Prix,2024,Lance STROLL,STR,18,Melbourne,street,dry,80.93,84.5716,29.152,18.74221052631579,36.794035087719294,2,9.0,6.0
Australian Grand Prix,2024,Kevin MAGNUSSEN,MAG,20,Melbourne,street,dry,81.082,84.38775925925927,29.32889090909091,18.43030357142857,36.80739285714286,2,14.0,10.0
Australian Grand Prix,2024,Yuki TSUNODA,TSU,22,Melbourne,street,dry,81.134,84.54732727272727,29.23735087719298,18.873315789473683,36.6110701754386,2,8.0,7.0
Australian Grand Prix,2024,Alexander ALBON,ALB,23,Melbourne,street,dry,81.618,84.41562962962963,29.37389285714286,18.522982142857142,36.676339285714285,2,12.0,11.0
Australian Grand Prix,2024,ZHOU Guanyu,ZHO,24,Melbourne,street,dry,81.327,85.05012962962964,29.455303571428573,18.804321428571427,36.962607142857145,2,19.0,15.0
Australian Grand Prix,2024,Nico HULKENBERG,HUL,27,Melbourne,street,dry,81.145,84.71312727272726,29.372894736842106,18.81017543859649,36.63229824561404,2,16.0,9.0
Australian Grand Prix,2024,Esteban OCON,OCO,31,Melbourne,street,dry,81.354,84.90241509433963,29.60332142857143,18.68914285714286,37.14573214285714,3,15.0,16.0
Australian Grand Prix,2024,Lewis HAMILTON,HAM,44,Melbourne,street,dry,82.444,84.35184615384615,29.553357142857145,18.145857142857142,36.924928571428566,1,11.0,
Australian Grand Prix,2024,Carlos SAINZ,SAI,55,Melbourne,street,dry,80.031,82.6816,28.811263157894736,18.43061403508772,35.88914035087719,2,2.0,1.0
Australian Grand Prix,2024,George RUSSELL,RUS,63,Melbourne,street,dry,80.284,83.35960377358491,28.849890909090906,18.260963636363634,36.395036363636365,2,7.0,17.0
Australian Grand Prix,2024,Valtteri BOTTAS,BOT,77,Melbourne,street,dry,81.422,85.11727777777777,29.563875,18.826607142857142,36.86676785714286,2,13.0,14.0
Australian Grand Prix,2024,Oscar PIASTRI,PIA,81,Melbourne,street,dry,80.199,83.57905454545454,29.249701754385963,18.264842105263156,36.19733333333333,2,6.0,4.0
Japanese Grand Prix,2024,Max VERSTAPPEN,VER,1,Suzuka,circuit,dry,93.706,97.74936734693878,35.46864,43.12059615384616,19.040288461538463,3,1.0,1.0
Japanese Grand Prix,2024,Logan SARGEANT,SAR,2,Suzuka,circuit,dry,94.9,99.79044680851064,37.330079999999995,44.54339215686274,19.505901960784314,4,19.0,17.0
Japanese Grand Prix,2024,Daniel RICCIARDO,RIC,3,Suzuka,circuit,dry,,,,,,0,11.0,
Japanese Grand Prix,2024,Lando NORRIS,NOR,4,Suzuka,circuit,dry,95.186,98.27838775510203,35.65402,43.43223076923077,19.114826923076922,3,3.0,5.0
Japanese Grand Prix,2024,Pierre GASLY,GAS,10,Suzuka,circuit,dry,96.642,99.93995833333334,37.5282,44.15350980392157,19.588568627450982,3,17.0,16.0
Japanese Grand Prix,2024,Sergio PEREZ,PER,11,Suzuka,circuit,dry,93.945,98.00367346938776,35.45464,43.31632692307692,19.112096153846153,3,2.0,2.0
Japanese Grand Prix,2024,Fernando ALONSO,ALO,14,Suzuka,circuit,dry,94.726,98.38934693877552,35.833122448979594,43.296615384615386,19.305980769230768,3,5.0,6.0
Japanese Grand Prix,2024,Charles LECLERC,LEC,16,Suzuka,circuit,dry,95.044,98.16634,36.57707843137255,43.33271153846154,19.22796153846154,2,8.0,4.0
Japanese Grand Prix,2024,Lance STROLL,STR,18,Suzuka,circuit,dry,95.798,98.7224255319149,36.541224489795916,43.57184313725491,19.551784313725488,4,16.0,12.0
Japanese Grand Prix,2024,Kevin MAGNUSSEN,MAG,20,Suzuka,circuit,dry,96.654,99.37093877551021,37.09926,43.96080392156863,19.31856862745098,2,18.0,13.0
Japanese Grand Prix,2024,Yuki TSUNODA,TSU,22,Suzuka,circuit,dry,96.342,98.06646808510638,36.34879591836735,43.60468,18.92558,3,10.0,10.0
Japanese Grand Prix,2024,Alexander ALBON,ALB,23,Suzuka,circuit,dry,,,,,,0,14.0,
Japanese Grand Prix,2024,ZHOU Guanyu,ZHO,24,Suzuka,circuit,dry,97.16,103.4695,43.251799999999996,44.579181818181816,21.600818181818184,3,20.0,
Japanese Grand Prix,2024,Nico HULKENBERG,HUL,27,Suzuka,circuit,dry,95.325,99.26291666666667,37.59336,43.62364705882353,19.402196078431373,3,12.0,11.0
Japanese Grand Prix,2024,Esteban OCON,OCO,31,Suzuka,circuit,dry,96.232,99.72366666666666,37.45232,44.02186274509803,19.60056862745098,3,15.0,15.0
Japanese Grand Prix,2024,Lewis HAMILTON,HAM,44,Suzuka,circuit,dry,93.952,98.36667346938775,36.96276470588235,43.410230769230765,19.276769230769233,3,7.0,9.0
Japanese Grand Prix,2024,Carlos SAINZ,SAI,55,Suzuka,circuit,dry,93.841,98.02812244897959,35.65906,43.300134615384614,19.057903846153845,3,4.0,3.0
Japanese Grand Prix,2024,George RUSSELL,RUS,63,Suzuka,circuit,dry,94.404,98.19661224489796,36.85509803921569,43.27478846153846,19.340173076923076,3,9.0,7.0
Japanese Grand Prix,2024,Valtteri BOTTAS,BOT,77,Suzuka,circuit,dry,96.608,99.37602083333333,37.36938,43.95656862745098,19.47729411764706,3,13.0,14.0
Japanese Grand Prix,2024,Oscar PIASTRI,PIA,81,Suzuka,circuit,dry,94.802,98.33595918367347,36.99970588235294,43.436961538461546,19.287115384615383,3,6.0,8.0
Chinese Grand Prix,2024,Max VERSTAPPEN,VER,1,Shanghai,circuit,dry,98.406,106.89939622641509,28.933745454545456,32.32878181818182,46.937945454545456,2,1.0,1.0
Chinese Grand Prix,2024,Logan SARGEANT,SAR,2,Shanghai,circuit,dry,101.0,109.02930188679245,29.261581818181817,32.95910909090909,47.33447272727273,2,20.0,17.0
Chinese Grand Prix,2024,Daniel RICCIARDO,RIC,3,Shanghai,circuit,dry,100.994,115.0502258064516,30.11815625,34.64134375,50.4534375,1,12.0,
Chinese Grand Prix,2024,Lando NORRIS,NOR,4,Shanghai,circuit,dry,98.751,107.65048148148149,28.675145454545454,32.65594545454545,47.06532727272727,1,4.0,2.0
Chinese Grand Prix,2024,Pierre GASLY,GAS,10,Shanghai,circuit,dry,99.198,107.80919230769231,29.54836363636364,32.67245454545454,47.08590909090909,3,15.0,13.0
Chinese Grand Prix,2024,Sergio PEREZ,PER,11,Shanghai,circuit,dry,99.388,107.49049056603774,28.812272727272727,32.58643636363636,47.10572727272727,2,2.0,3.0
Chinese Grand Prix,2024,Fernando ALONSO,ALO,14,Shanghai,circuit,dry,97.81,107.8255,29.147545454545455,32.51030909090909,47.302054545454546,3,3.0,7.0
Chinese Grand Prix,2024,Charles LECLERC,LEC,16,Shanghai,circuit,dry,99.384,107.76822222222224,28.696490909090908,32.71212727272727,47.13118181818182,1,6.0,4.0
Chinese Grand Prix,2024,Lance STROLL,STR,18,Shanghai,circuit,dry,99.444,105.97919607843137,29.05888888888889,31.850709090909092,46.86925454545455,4,11.0,15.0
Chinese Grand Prix,2024,Kevin MAGNUSSEN,MAG,20,Shanghai,circuit,dry,101.077,108.69869811320754,29.025072727272725,32.636145454545456,47.77516363636364,2,17.0,16.0
Chinese Grand Prix,2024,Yuki TSUNODA,TSU,22,Shanghai,circuit,dry,101.593,109.0135652173913,30.245839999999998,32.70168,48.116080000000004,2,19.0,
Chinese Grand Prix,2024,Alexander ALBON,ALB,23,Shanghai,circuit,dry,100.79,108.25288679245284,29.195854545454544,32.869763636363636,47.1834,2,14.0,12.0
Chinese Grand Prix,2024,ZHOU Guanyu,ZHO,24,Shanghai,circuit,dry,98.633,108.09728846153847,29.49270909090909,32.64323636363636,47.20172727272727,3,16.0,14.0
Chinese Grand Prix,2024,Nico HULKENBERG,HUL,27,Shanghai,circuit,dry,100.815,108.22028301886793,28.96936363636364,32.86741818181818,47.36301818181818,2,9.0,10.0
Chinese Grand Prix,2024,Esteban OCON,OCO,31,Shanghai,circuit,dry,100.937,108.24833962264151,29.098545454545455,32.6264,47.483581818181825,2,13.0,11.0
Chinese Grand Prix,2024,Lewis HAMILTON,HAM,44,Shanghai,circuit,dry,100.835,108.12701886792453,29.151218181818184,32.69165454545455,47.23054545454545,2,18.0,9.0
Chinese Grand Prix,2024,Carlos SAINZ,SAI,55,Shanghai,circuit,dry,99.764,108.52848148148148,28.6846,32.65347272727273,47.378109090909085,1,7.0,5.0
Chinese Grand Prix,2024,George RUSSELL,RUS,63,Shanghai,circuit,dry,100.112,107.89918867924528,28.874436363636363,32.62129090909091,47.33212727272727,2,8.0,6.0
Chinese Grand Prix,2024,Valtteri BOTTAS,BOT,77,Shanghai,circuit,dry,101.276,102.90323529411765,28.427277777777775,31.032222222222224,44.45,1,10.0,
Chinese Grand Prix,2024,Oscar PIASTRI,PIA,81,Shanghai,circuit,dry,99.739,108.28824528301887,29.01650909090909,32.73669090909091,47.403727272727274,2,5.0,8.0
Miami Grand Prix,2024,Max VERSTAPPEN,VER,1,Miami,street,dry,91.261,95.56478181818181,32.81760714285714,36.230624999999996,26.722303571428572,1,1.0,2.0
Miami Grand Prix,2024,Logan SARGEANT,SAR,2,Miami,street,dry,93.452,94.81487999999999,32.97173076923077,35.76823076923077,26.614653846153846,1,17.0,
Miami Grand Prix,2024,Daniel RICCIARDO,RIC,3,Miami,street,dry,92.122,95.57458181818181,33.07016071428571,36.48505357142857,26.769178571428572,1,18.0,15.0
Miami Grand Prix,2024,Lando NORRIS,NOR,4,Miami,street,dry,90.98,94.78076363636363,32.446017857142856,36.364714285714285,26.74207142857143,1,5.0,1.0
Miami Grand Prix,2024,Pierre GASLY,GAS,10,Miami,street,dry,92.055,96.06296363636363,32.89864285714286,36.617535714285715,26.760196428571426,1,12.0,12.0
Miami Grand Prix,2024,Sergio PEREZ,PER,11,Miami,street,dry,90.855,94.8449074074074,33.070142857142855,36.10573214285714,26.649910714285713,2,4.0,4.0
Miami Grand Prix,2024,Fernando ALONSO,ALO,14,Miami,street,dry,91.727,95.90261818181818,32.82007142857143,36.641732142857144,26.68032142857143,1,15.0,9.0
Miami Grand Prix,2024,Charles LECLERC,LEC,16,Miami,street,dry,91.084,95.59430909090909,32.85410714285714,36.22748214285714,26.705892857142857,1,2.0,3.0
Miami Grand Prix,2024,Lance STROLL,STR,18,Miami,street,dry,91.588,95.28953703703704,33.14123214285714,36.57494642857143,26.58819642857143,2,11.0,17.0
Miami Grand Prix,2024,Kevin MAGNUSSEN,MAG,20,Miami,street,dry,91.774,94.9151320754717,33.64228571428571,36.047892857142855,26.731875,3,19.0,19.0
Miami Grand Prix,2024,Yuki TSUNODA,TSU,22,Miami,street,dry,91.682,95.2146,32.928982142857144,36.37605357142857,26.677214285714285,1,10.0,7.0
Miami Grand Prix,2024,Alexander ALBON,ALB,23,Miami,street,dry,90.849,96.4295925925926,33.407178571428574,36.599892857142855,26.814517857142857,2,14.0,18.0
Miami Grand Prix,2024,ZHOU Guanyu,ZHO,24,Miami,street,dry,91.991,95.55387272727272,33.04727272727273,36.59941071428572,26.707821428571428,1,20.0,14.0
Miami Grand Prix,2024,Nico HULKENBERG,HUL,27,Miami,street,dry,91.941,95.2578888888889,33.06523214285714,36.53705357142857,26.65675,2,9.0,11.0
Miami Grand Prix,2024,Esteban OCON,OCO,31,Miami,street,dry,92.037,95.89020000000001,32.92216071428572,36.56883928571428,26.685589285714286,1,13.0,10.0
Miami Grand Prix,2024,Lewis HAMILTON,HAM,44,Miami,street,dry,91.233,95.64678181818182,32.871607142857144,36.35517857142857,26.604232142857143,1,8.0,6.0
Miami Grand Prix,2024,Carlos SAINZ,SAI,55,Miami,street,dry,90.928,95.40305454545454,32.74530357142857,36.349089285714285,26.692196428571428,1,3.0,5.0
Miami Grand Prix,2024,George RUSSELL,RUS,63,Miami,street,dry,91.921,95.92,32.942214285714286,36.53371428571428,26.64975,1,7.0,8.0
Miami Grand Prix,2024,Valtteri BOTTAS,BOT,77,Miami,street,dry,92.098,95.69396296296297,32.846267857142855,36.663089285714285,26.855785714285712,2,16.0,16.0
Miami Grand Prix,2024,Oscar PIASTRI,PIA,81,Miami,street,dry,90.634,95.80707407407408,33.285000000000004,36.39767857142857,26.795607142857143,2,6.0,13.0
Emilia Romagna Grand Prix,2024,Max VERSTAPPEN,VER,1,Imola,circuit,dry,80.366,80.9634262295082,25.97040322580645,28.165612903225806,27.192548387096775,1,1.0,1.0
Emilia Romagna Grand Prix,2024,Logan SARGEANT,SAR,2,Imola,circuit,dry,81.229,82.91691666666667,26.56772131147541,28.96544262295082,27.798426229508195,1,,17.0
Emilia Romagna Grand Prix,2024,Daniel RICCIARDO,RIC,3,Imola,circuit,dry,81.569,82.6464,26.460245901639347,28.808540983606555,27.740426229508195,1,9.0,13.0
Emilia Romagna Grand Prix,2024,Lando NORRIS,NOR,4,Imola,circuit,dry,79.994,80.94295081967213,25.82256451612903,28.297629032258065,27.20582258064516,1,3.0,2.0
Emilia Romagna Grand Prix,2024,Pierre GASLY,GAS,10,Imola,circuit,dry,81.371,82.60383050847457,26.841950819672128,28.651426229508196,27.84429508196721,2,15.0,16.0
Emilia Romagna Grand Prix,2024,Sergio PEREZ,PER,11,Imola,circuit,dry,79.686,81.7694918032787,26.24283870967742,28.31059677419355,27.563548387096777,1,11.0,8.0
Emilia Romagna Grand Prix,2024,Fernando ALONSO,ALO,14,Imola,circuit,dry,79.004,82.57308620689655,27.173566666666666,28.711590163934424,27.85362295081967,3,19.0,19.0
Emilia Romagna Grand Prix,2024,Charles LECLERC,LEC,16,Imola,circuit,dry,79.935,81.04232786885247,25.99518032786885,28.256951612903226,27.17974193548387,1,4.0,3.0
Emilia Romagna Grand Prix,2024,Lance STROLL,STR,18,Imola,circuit,dry,80.57,82.14070491803278,26.30682258064516,28.52640322580645,27.65601612903226,1,13.0,9.0
Emilia Romagna Grand Prix,2024,Kevin MAGNUSSEN,MAG,20,Imola,circuit,dry,81.009,82.56345,26.421852459016392,28.85783606557377,27.667770491803278,1,18.0,12.0
Emilia Romagna Grand Prix,2024,Yuki TSUNODA,TSU,22,Imola,circuit,dry,80.936,82.52074999999999,26.429750000000002,28.69345901639344,27.74993442622951,1,7.0,10.0
Emilia Romagna Grand Prix,2024,Alexander ALBON,ALB,23,Imola,circuit,dry,81.274,82.58569565217391,28.277959999999997,29.1413,28.515079999999998,4,14.0,
Emilia Romagna Grand Prix,2024,ZHOU Guanyu,ZHO,24,Imola,circuit,dry,81.016,82.87056666666668,26.565983333333335,28.893,27.782721311475413,1,17.0,15.0
Emilia Romagna Grand Prix,2024,Nico HULKENBERG,HUL,27,Imola,circuit,dry,81.7,82.64046666666667,26.492262295081968,28.74750819672131,27.756639344262293,1,10.0,11.0
Emilia Romagna Grand Prix,2024,Esteban OCON,OCO,31,Imola,circuit,dry,81.304,82.89475,26.55367213114754,28.875213114754096,27.836852459016395,1,12.0,14.0
Emilia Romagna Grand Prix,2024,Lewis HAMILTON,HAM,44,Imola,circuit,dry,80.331,81.47277049180327,26.027435483870967,28.48324193548387,27.31585483870968,1,8.0,6.0
Emilia Romagna Grand Prix,2024,Carlos SAINZ,SAI,55,Imola,circuit,dry,80.22,81.28360655737706,26.06491935483871,28.371225806451616,27.215919354838707,1,5.0,5.0
Emilia Romagna Grand Prix,2024,George RUSSELL,RUS,63,Imola,circuit,dry,78.589,81.30208333333333,26.433048387096772,28.183629032258064,27.41409677419355,2,6.0,7.0
Emilia Romagna Grand Prix,2024,Valtteri BOTTAS,BOT,77,Imola,circuit,dry,81.455,83.0581,26.71451666666667,28.915,27.81211475409836,1,16.0,18.0
Emilia Romagna Grand Prix,2024,Oscar PIASTRI,PIA,81,Imola,circuit,dry,79.907,81.15400000000001,25.834145161290323,28.365032258064517,27.311435483870966,1,2.0,4.0
Monaco Grand Prix,2024,Max VERSTAPPEN,VER,1,Monte Carlo,circuit,dry,74.569,78.59061333333334,20.697025974025976,36.836129870129874,22.083246753246755,2,6.0,6.0
Monaco Grand Prix,2024,Logan SARGEANT,SAR,2,Monte Carlo,circuit,dry,75.525,80.63942465753425,21.264506666666666,37.68488,22.22024,2,15.0,15.0
Monaco Grand Prix,2024,Daniel RICCIARDO,RIC,3,Monte Carlo,circuit,dry,77.172,80.56895945945946,21.33872,37.798626666666664,22.092133333333333,1,12.0,12.0
Monaco Grand Prix,2024,Lando NORRIS,NOR,4,Monte Carlo,circuit,dry,75.742,78.53284210526316,20.65081818181818,36.98807792207792,20.994934210526317,1,4.0,4.0
Monaco Grand Prix,2024,Pierre GASLY,GAS,10,Monte Carlo,circuit,dry,75.625,80.24642666666666,21.203157894736844,37.584736842105265,22.239736842105263,1,10.0,10.0
Monaco Grand Prix,2024,Sergio PEREZ,PER,11,Monte Carlo,circuit,dry,,,,,,0,16.0,
Monaco Grand Prix,2024,Fernando ALONSO,ALO,14,Monte Carlo,circuit,dry,77.939,80.56287837837839,21.30568,37.85489333333334,21.98908,1,14.0,11.0
Monaco Grand Prix,2024,Charles LECLERC,LEC,16,Monte Carlo,circuit,dry,75.162,78.43903947368422,20.63016883116883,36.92046753246753,21.03375,1,1.0,1.0
Monaco Grand Prix,2024,Lance STROLL,STR,18,Monte Carlo,circuit,dry,76.71,80.585625,21.1362,37.53648,22.64562666666667,3,13.0,14.0
Monaco Grand Prix,2024,Kevin MAGNUSSEN,MAG,20,Monte Carlo,circuit,dry,,,,,,0,,
Monaco Grand Prix,2024,Yuki TSUNODA,TSU,22,Monte Carlo,circuit,dry,74.72,79.9754,21.132657894736845,37.518394736842104,22.22305263157895,1,8.0,8.0
Monaco Grand Prix,2024,Alexander ALBON,ALB,23,Monte Carlo,circuit,dry,77.06,80.16712,21.34636842105263,37.62588157894737,22.011815789473683,1,9.0,9.0
Monaco Grand Prix,2024,ZHOU Guanyu,ZHO,24,Monte Carlo,circuit,dry,74.718,81.1936301369863,21.486839999999997,37.920413333333336,22.25356,2,18.0,16.0
Monaco Grand Prix,2024,Nico HULKENBERG,HUL,27,Monte Carlo,circuit,dry,,,,,,0,,
Monaco Grand Prix,2024,Esteban OCON,OCO,31,Monte Carlo,circuit,dry,,,,,,0,11.0,
Monaco Grand Prix,2024,Lewis HAMILTON,HAM,44,Monte Carlo,circuit,dry,74.165,78.58858666666667,20.897935064935066,36.62194805194805,22.047103896103895,2,7.0,7.0
Monaco Grand Prix,2024,Carlos SAINZ,SAI,55,Monte Carlo,circuit,dry,74.726,78.52307894736842,20.665116883116884,36.9765974025974,20.993368421052633,1,3.0,3.0
Monaco Grand Prix,2024,George RUSSELL,RUS,63,Monte Carlo,circuit,dry,75.228,78.5896447368421,20.959480519480522,36.76148051948052,21.954090909090908,1,5.0,5.0
Monaco Grand Prix,2024,Valtteri BOTTAS,BOT,77,Monte Carlo,circuit,dry,76.561,80.57430136986301,21.275054054054056,37.74888,22.02453333333333,2,17.0,13.0
Monaco Grand Prix,2024,Oscar PIASTRI,PIA,81,Monte Carlo,circuit,dry,76.281,78.5241447368421,20.602129870129872,37.030779220779216,21.027131578947365,1,2.0,2.0
Canadian Grand Prix,2024,Max VERSTAPPEN,VER,1,Montreal,circuit,wet,75.569,90.18301492537313,25.816115942028983,28.654521739130434,36.00666666666667,2,2.0,1.0
Canadian Grand Prix,2024,Logan SARGEANT,SAR,2,Montreal,circuit,wet,86.484,93.0379090909091,27.475,30.356454545454543,35.20645454545455,0,13.0,
Canadian Grand Prix,2024,Daniel RICCIARDO,RIC,3,Montreal,circuit,wet,77.076,90.55540298507462,26.08255072463768,28.668898550724638,36.04991304347826,2,5.0,8.0
Canadian Grand Prix,2024,Lando NORRIS,NOR,4,Montreal,circuit,wet,75.558,89.93114925373133,25.849652173913043,28.65814492753623,36.00066666666667,2,3.0,2.0
Canadian Grand Prix,2024,Pierre GASLY,GAS,10,Montreal,circuit,wet,77.013,90.19907462686567,26.14417391304348,28.75353623188406,35.78760869565217,2,15.0,9.0
Canadian Grand Prix,2024,Sergio PEREZ,PER,11,Montreal,circuit,wet,78.819,91.3448125,26.8525,29.0713,35.89036,2,16.0,
Canadian Grand Prix,2024,Fernando ALONSO,ALO,14,Montreal,circuit,wet,76.303,90.19697014925373,26.114231884057972,28.609927536231886,35.94465217391304,2,6.0,6.0
Canadian Grand Prix,2024,Charles LECLERC,LEC,16,Montreal,circuit,wet,86.012,95.08469444444444,27.797410256410256,29.977282051282053,37.83802564102564,3,11.0,
Canadian Grand Prix,2024,Lance STROLL,STR,18,Montreal,circuit,wet,76.762,90.34188059701492,25.956840579710143,28.74723188405797,35.99839130434783,2,9.0,7.0
Canadian Grand Prix,2024,Kevin MAGNUSSEN,MAG,20,Montreal,circuit,wet,76.499,90.1708,26.152478260869565,28.557144927536232,36.12157971014493,4,14.0,12.0
Canadian Grand Prix,2024,Yuki TSUNODA,TSU,22,Montreal,circuit,wet,77.309,91.07307352941177,26.041637681159422,29.091579710144927,35.96701449275363,1,8.0,14.0
Canadian Grand Prix,2024,Alexander ALBON,ALB,23,Montreal,circuit,wet,79.359,91.21869387755103,26.989078431372548,28.851745098039217,35.79158823529412,2,10.0,
Canadian Grand Prix,2024,ZHOU Guanyu,ZHO,24,Montreal,circuit,wet,77.325,91.34695384615384,26.741441176470587,28.852176470588237,36.72832352941176,3,20.0,15.0
Canadian Grand Prix,2024,Nico HULKENBERG,HUL,27,Montreal,circuit,wet,76.683,90.403,26.081840579710143,28.601289855072466,36.07942028985507,3,19.0,11.0
Canadian Grand Prix,2024,Esteban OCON,OCO,31,Montreal,circuit,wet,77.012,90.67727941176472,26.06349275362319,28.79576811594203,35.8554347826087,1,18.0,10.0
Canadian Grand Prix,2024,Lewis HAMILTON,HAM,44,Montreal,circuit,wet,74.856,89.81331818181819,26.081898550724638,28.31676811594203,36.074985507246375,3,7.0,4.0
Canadian Grand Prix,2024,Carlos SAINZ,SAI,55,Montreal,circuit,wet,78.957,91.15297959183674,27.057431372549022,28.817117647058822,35.709941176470586,2,12.0,
Canadian Grand Prix,2024,George RUSSELL,RUS,63,Montreal,circuit,wet,74.895,89.96683333333333,26.063884057971013,28.33089855072464,36.16349275362319,3,1.0,3.0
Canadian Grand Prix,2024,Valtteri BOTTAS,BOT,77,Montreal,circuit,wet,77.25,90.70279411764706,26.252391304347825,28.835971014492753,35.73202898550725,1,17.0,13.0
Canadian Grand Prix,2024,Oscar PIASTRI,PIA,81,Montreal,circuit,wet,76.247,90.23168656716418,26.062579710144927,28.625710144927535,35.88660869565217,2,4.0,5.0
Spanish Grand Prix,2024,Max VERSTAPPEN,VER,1,Catalunya,circuit,wet,77.776,79.71953968253969,24.1758,32.05946153846154,24.02690769230769,2,2.0,1.0
Spanish Grand Prix,2024,Logan SARGEANT,SAR,2,Catalunya,circuit,wet,80.172,82.1864262295082,24.81620634920635,32.99880952380953,24.94031746031746,2,20.0,20.0
Spanish Grand Prix,2024,Daniel RICCIARDO,RIC,3,Catalunya,circuit,wet,79.45,81.47016129032258,24.57815625,32.821515625,24.671046875000002,2,18.0,15.0
Spanish Grand Prix,2024,Lando NORRIS,NOR,4,Catalunya,circuit,wet,77.115,79.7411746031746,24.023707692307692,32.14056923076923,24.12023076923077,2,1.0,2.0
Spanish Grand Prix,2024,Pierre GASLY,GAS,10,Catalunya,circuit,wet,79.045,80.55973015873016,24.40936923076923,32.3662,24.388553846153847,2,7.0,9.0
Spanish Grand Prix,2024,Sergio PEREZ,PER,11,Catalunya,circuit,wet,77.785,80.29817741935484,24.54931746031746,32.26201538461538,24.3078,3,8.0,8.0
Spanish Grand Prix,2024,Fernando ALONSO,ALO,14,Catalunya,circuit,wet,78.334,81.02414516129032,24.41321875,32.68003125,24.47759375,2,11.0,12.0
Spanish Grand Prix,2024,Charles LECLERC,LEC,16,Catalunya,circuit,wet,77.897,80.02436507936508,24.04176923076923,32.29370769230769,24.24164615384615,2,5.0,5.0
Spanish Grand Prix,2024,Lance STROLL,STR,18,Catalunya,circuit,wet,79.318,81.22246774193547,24.578765625,32.70596875,24.52578125,2,14.0,14.0
Spanish Grand Prix,2024,Kevin MAGNUSSEN,MAG,20,Catalunya,circuit,wet,79.805,81.55425806451613,24.655328125,32.8873125,24.713328125,2,16.0,17.0
Spanish Grand Prix,2024,Yuki TSUNODA,TSU,22,Catalunya,circuit,wet,79.447,81.54290163934427,24.824921875,32.847921875,24.730390625,3,17.0,19.0
Spanish Grand Prix,2024,Alexander ALBON,ALB,23,Catalunya,circuit,wet,79.132,81.72283870967742,24.673546875,32.906453125,24.677125,2,19.0,18.0
Spanish Grand Prix,2024,ZHOU Guanyu,ZHO,24,Catalunya,circuit,wet,78.771,81.03916129032258,24.476203125,32.64396875,24.515,2,15.0,13.0
Spanish Grand Prix,2024,Nico HULKENBERG,HUL,27,Catalunya,circuit,wet,78.609,80.74004761904762,24.41615625,32.563384615384614,24.359646153846153,2,13.0,11.0
Spanish Grand Prix,2024,Esteban OCON,OCO,31,Catalunya,circuit,wet,78.982,80.76917460317459,24.370453125,32.46929230769231,24.477184615384616,2,9.0,10.0
Spanish Grand Prix,2024,Lewis HAMILTON,HAM,44,Catalunya,circuit,wet,77.809,79.98492063492064,24.02723076923077,32.260953846153846,24.228369230769232,2,3.0,3.0
Spanish Grand Prix,2024,Carlos SAINZ,SAI,55,Catalunya,circuit,wet,78.539,80.13514285714285,24.120123076923075,32.37113846153846,24.20366153846154,2,6.0,6.0
Spanish Grand Prix,2024,George RUSSELL,RUS,63,Catalunya,circuit,wet,78.29,80.00615873015873,24.178723076923077,32.252323076923076,24.184015384615385,2,4.0,4.0
Spanish Grand Prix,2024,Valtteri BOTTAS,BOT,77,Catalunya,circuit,wet,79.608,81.6888064516129,24.660765625,32.88340625,24.698625,2,12.0,16.0
Spanish Grand Prix,2024,Oscar PIASTRI,PIA,81,Catalunya,circuit,wet,77.874,80.15871428571428,24.28215625,32.238830769230766,24.20863076923077,2,10.0,7.0
Austrian Grand Prix,2024,Max VERSTAPPEN,VER,1,Spielberg,circuit,wet,67.719,70.82574626865672,18.5879,31.61631428571428,21.481514285714283,3,1.0,5.0
Austrian Grand Prix,2024,Logan SARGEANT,SAR,2,Spielberg,circuit,wet,70.406,72.39172307692309,18.80430882352941,32.42445588235294,22.072735294117646,3,19.0,19.0
Austrian Grand Prix,2024,Daniel RICCIARDO,RIC,3,Spielberg,circuit,wet,70.426,71.60558823529412,18.10050724637681,32.01074285714286,21.956042857142858,2,11.0,9.0
Austrian Grand Prix,2024,Lando NORRIS,NOR,4,Spielberg,circuit,wet,68.016,71.20755737704918,18.091158730158728,31.71147619047619,21.906619047619046,2,2.0,20.0
Austrian Grand Prix,2024,Pierre GASLY,GAS,10,Spielberg,circuit,wet,69.609,71.62310294117647,18.131385714285713,32.102671428571426,21.84387142857143,2,13.0,10.0
Austrian Grand Prix,2024,Sergio PEREZ,PER,11,Spielberg,circuit,wet,69.694,71.46264705882353,18.261314285714285,31.9945,21.761971428571428,2,8.0,7.0
Austrian Grand Prix,2024,Fernando ALONSO,ALO,14,Spielberg,circuit,wet,67.694,71.99286363636364,18.713652173913044,32.27053623188406,21.922333333333334,3,15.0,18.0
Austrian Grand Prix,2024,Charles LECLERC,LEC,16,Spielberg,circuit,wet,69.584,70.99822727272726,18.690685714285713,31.859414285714287,21.560885714285714,4,6.0,11.0
Austrian Grand Prix,2024,Lance STROLL,STR,18,Spielberg,circuit,wet,70.143,71.88226865671642,18.19333333333333,32.340739130434784,21.812304347826085,2,17.0,13.0
Austrian Grand Prix,2024,Kevin MAGNUSSEN,MAG,20,Spielberg,circuit,wet,70.125,71.61252941176471,18.12317142857143,32.07844285714285,21.8602,2,12.0,8.0
Austrian Grand Prix,2024,Yuki TSUNODA,TSU,22,Spielberg,circuit,wet,70.318,71.8798656716418,18.40486956521739,32.119521739130434,21.879202898550723,2,14.0,14.0
Austrian Grand Prix,2024,Alexander ALBON,ALB,23,Spielberg,circuit,wet,70.364,71.88338805970149,18.304264705882353,32.24995652173913,21.819913043478262,2,16.0,15.0
Austrian Grand Prix,2024,ZHOU Guanyu,ZHO,24,Spielberg,circuit,wet,70.47,72.3058656716418,18.558205882352944,32.33275362318841,21.921971014492755,2,20.0,17.0
Austrian Grand Prix,2024,Nico HULKENBERG,HUL,27,Spielberg,circuit,wet,70.215,71.49111764705881,18.224478260869567,32.00584285714286,21.753800000000002,2,9.0,6.0
Austrian Grand Prix,2024,Esteban OCON,OCO,31,Spielberg,circuit,wet,69.649,71.73619117647058,18.251257142857142,32.23072857142857,21.70972857142857,2,10.0,12.0
Austrian Grand Prix,2024,Lewis HAMILTON,HAM,44,Spielberg,circuit,wet,69.562,71.04904411764706,18.2817,31.798114285714284,21.50732857142857,2,5.0,4.0
Austrian Grand Prix,2024,Carlos SAINZ,SAI,55,Spielberg,circuit,wet,69.282,70.86394117647058,18.195542857142858,31.65508571428571,21.461871428571428,2,4.0,3.0
Austrian Grand Prix,2024,George RUSSELL,RUS,63,Spielberg,circuit,wet,69.164,70.81594117647059,18.102057971014492,31.842614285714287,21.327614285714287,2,3.0,1.0
Austrian Grand Prix,2024,Valtteri BOTTAS,BOT,77,Spielberg,circuit,wet,70.449,71.99194029850746,18.433463768115942,32.21563768115942,21.83285507246377,2,18.0,16.0
Austrian Grand Prix,2024,Oscar PIASTRI,PIA,81,Spielberg,circuit,wet,68.697,70.81360294117647,18.189685714285716,31.722428571428573,21.341514285714286,2,7.0,2.0
British Grand Prix,2024,Max VERSTAPPEN,VER,1,Silverstone,circuit,wet,88.952,94.17006122448979,31.038823529411765,38.05141176470588,26.043352941176472,2,4.0,2.0
British Grand Prix,2024,Logan SARGEANT,SAR,2,Silverstone,circuit,wet,89.972,95.75530612244899,31.467745098039217,38.88333333333333,26.39886274509804,2,12.0,11.0
British Grand Prix,2024,Daniel RICCIARDO,RIC,3,Silverstone,circuit,wet,90.735,96.0034375,31.38126,39.14976,26.5546,2,15.0,13.0
British Grand Prix,2024,Lando NORRIS,NOR,4,Silverstone,circuit,wet,89.262,94.31640816326531,31.02278431372549,38.23076470588235,25.986823529411765,2,3.0,3.0
British Grand Prix,2024,Pierre GASLY,GAS,10,Silverstone,circuit,wet,,,,,,0,20.0,
British Grand Prix,2024,Sergio PEREZ,PER,11,Silverstone,circuit,wet,89.707,97.03095555555555,32.69887755102041,39.52730612244898,26.867816326530612,4,19.0,17.0
British Grand Prix,2024,Fernando ALONSO,ALO,14,Silverstone,circuit,wet,89.71,95.23471428571429,31.204803921568626,38.73292156862745,26.339960784313725,2,10.0,8.0
British Grand Prix,2024,Charles LECLERC,LEC,16,Silverstone,circuit,wet,89.748,96.31172340425532,32.05014,39.22642,26.480819999999998,3,11.0,14.0
British Grand Prix,2024,Lance STROLL,STR,18,Silverstone,circuit,wet,89.897,95.24238775510204,31.139117647058825,38.67268627450981,26.355254901960784,2,8.0,7.0
British Grand Prix,2024,Kevin MAGNUSSEN,MAG,20,Silverstone,circuit,wet,90.093,95.59797959183675,31.32329411764706,38.974333333333334,26.43827450980392,2,17.0,12.0
British Grand Prix,2024,Yuki TSUNODA,TSU,22,Silverstone,circuit,wet,90.229,95.57485714285714,31.237490196078433,38.89770588235294,26.438392156862744,2,13.0,10.0
British Grand Prix,2024,Alexander ALBON,ALB,23,Silverstone,circuit,wet,89.718,95.25961224489795,31.318941176470588,38.70721568627451,26.324,2,9.0,9.0
British Grand Prix,2024,ZHOU Guanyu,ZHO,24,Silverstone,circuit,wet,91.014,97.93457777777778,33.153510204081634,39.85016326530612,26.98212244897959,4,14.0,18.0
British Grand Prix,2024,Nico HULKENBERG,HUL,27,Silverstone,circuit,wet,89.836,95.18834693877551,31.144803921568627,38.725725490196076,26.259176470588237,2,6.0,6.0
British Grand Prix,2024,Esteban OCON,OCO,31,Silverstone,circuit,wet,90.875,97.23533333333333,32.626551020408165,39.46181632653061,26.986918367346938,4,18.0,16.0
British Grand Prix,2024,Lewis HAMILTON,HAM,44,Silverstone,circuit,wet,89.438,94.13816326530613,31.04221568627451,38.11464705882353,25.961274509803925,2,2.0,1.0
British Grand Prix,2024,Carlos SAINZ,SAI,55,Silverstone,circuit,wet,88.293,94.6815625,31.464019607843138,38.42760784313725,26.10205882352941,3,7.0,5.0
British Grand Prix,2024,George RUSSELL,RUS,63,Silverstone,circuit,wet,91.298,95.2298064516129,31.11746875,38.4639375,26.55815625,1,1.0,
British Grand Prix,2024,Valtteri BOTTAS,BOT,77,Silverstone,circuit,wet,91.277,96.51239583333334,31.601660000000003,39.40554,26.6846,2,16.0,15.0
British Grand Prix,2024,Oscar PIASTRI,PIA,81,Silverstone,circuit,wet,88.748,94.40077551020408,30.996254901960782,38.23549019607843,26.091392156862746,2,5.0,4.0
Hungarian Grand Prix,2024,Max VERSTAPPEN,VER,1,Hungaroring,circuit,dry,80.908,83.78991044776119,30.551028985507248,29.996927536231883,23.727434782608697,2,3.0,5.0
Hungarian Grand Prix,2024,Logan SARGEANT,SAR,2,Hungaroring,circuit,dry,80.561,85.11524615384616,31.120514705882357,30.53820588235294,24.178882352941176,3,14.0,17.0
Hungarian Grand Prix,2024,Daniel RICCIARDO,RIC,3,Hungaroring,circuit,dry,82.64,84.8874696969697,30.73129411764706,30.55844117647059,24.0865,2,9.0,12.0
Hungarian Grand Prix,2024,Lando NORRIS,NOR,4,Hungaroring,circuit,dry,81.712,83.49228358208956,30.62072058823529,29.68114492753623,23.68940579710145,2,1.0,2.0
Hungarian Grand Prix,2024,Pierre GASLY,GAS,10,Hungaroring,circuit,dry,83.34,85.77374193548387,30.90409375,31.002875,24.3635625,1,20.0,
Hungarian Grand Prix,2024,Sergio PEREZ,PER,11,Hungaroring,circuit,dry,81.096,83.91262686567164,30.45363768115942,30.17789855072464,23.7791884057971,2,16.0,7.0
Hungarian Grand Prix,2024,Fernando ALONSO,ALO,14,Hungaroring,circuit,dry,83.063,84.60376119402986,30.736681159420293,30.432275362318844,23.940797101449274,2,7.0,11.0
Hungarian Grand Prix,2024,Charles LECLERC,LEC,16,Hungaroring,circuit,dry,82.182,83.69571641791045,30.520710144927538,29.811188405797104,23.8776231884058,2,6.0,4.0
Hungarian Grand Prix,2024,Lance STROLL,STR,18,Hungaroring,circuit,dry,82.338,84.48094029850746,30.621695652173912,30.413811594202897,23.995579710144927,2,8.0,10.0
Hungarian Grand Prix,2024,Kevin MAGNUSSEN,MAG,20,Hungaroring,circuit,dry,83.553,85.2669696969697,30.883470588235294,30.61289705882353,24.289720588235294,2,15.0,15.0
Hungarian Grand Prix,2024,Yuki TSUNODA,TSU,22,Hungaroring,circuit,dry,83.533,84.74332352941177,30.574550724637678,30.46785507246377,23.946028985507247,1,10.0,9.0
Hungarian Grand Prix,2024,Alexander ALBON,ALB,23,Hungaroring,circuit,dry,83.93,85.14521212121213,30.975514705882354,30.61348529411765,24.080382352941175,2,13.0,14.0
Hungarian Grand Prix,2024,ZHOU Guanyu,ZHO,24,Hungaroring,circuit,dry,83.487,85.47399999999999,31.058191176470586,30.70083823529412,24.235441176470587,2,18.0,19.0
Hungarian Grand Prix,2024,Nico HULKENBERG,HUL,27,Hungaroring,circuit,dry,83.461,85.07909090909091,30.810676470588238,30.62472058823529,24.141838235294117,2,11.0,13.0
Hungarian Grand Prix,2024,Esteban OCON,OCO,31,Hungaroring,circuit,dry,81.61,85.2558923076923,31.03785294117647,30.662279411764704,24.27791176470588,3,19.0,18.0
Hungarian Grand Prix,2024,Lewis HAMILTON,HAM,44,Hungaroring,circuit,dry,82.153,83.66110447761194,30.594739130434778,29.853101449275364,23.706188405797104,2,5.0,3.0
Hungarian Grand Prix,2024,Carlos SAINZ,SAI,55,Hungaroring,circuit,dry,81.441,83.73383582089552,30.60317391304348,29.88195652173913,23.756826086956522,2,4.0,6.0
Hungarian Grand Prix,2024,George RUSSELL,RUS,63,Hungaroring,circuit,dry,80.305,84.0099552238806,30.578304347826084,30.01746376811594,23.85991304347826,2,17.0,8.0
Hungarian Grand Prix,2024,Valtteri BOTTAS,BOT,77,Hungaroring,circuit,dry,82.792,85.25384848484849,30.894338235294118,30.667176470588235,24.202720588235294,2,12.0,16.0
Hungarian Grand Prix,2024,Oscar PIASTRI,PIA,81,Hungaroring,circuit,dry,81.716,83.45343283582089,30.520782608695654,29.768000000000004,23.700246376811595,2,2.0,1.0
Belgian Grand Prix,2024,Max VERSTAPPEN,VER,1,Spa-Francorchamps,circuit,dry,106.128,108.43426829268293,31.569093023255814,48.231279069767446,29.24806976744186,2,1.0,4.0
Belgian Grand Prix,2024,Logan SARGEANT,SAR,2,Spa-Francorchamps,circuit,dry,107.49,110.07756097560976,31.899279069767445,49.29372093023256,29.525767441860463,2,19.0,17.0
Belgian Grand Prix,2024,Daniel RICCIARDO,RIC,3,Spa-Francorchamps,circuit,dry,107.435,109.39575609756096,31.785238095238096,48.82016279069767,29.472418604651164,2,13.0,10.0
Belgian Grand Prix,2024,Lando NORRIS,NOR,4,Spa-Francorchamps,circuit,dry,105.563,108.51560975609758,31.559255813953488,48.31476744186046,29.222790697674416,2,5.0,5.0
Belgian Grand Prix,2024,Pierre GASLY,GAS,10,Spa-Francorchamps,circuit,dry,107.418,109.64597560975609,31.882837209302327,48.97244186046512,29.44358139534884,2,12.0,13.0
Belgian Grand Prix,2024,Sergio PEREZ,PER,11,Spa-Francorchamps,circuit,dry,104.701,108.94345000000001,32.26748837209302,48.07844186046512,29.579558139534885,3,3.0,7.0
Belgian Grand Prix,2024,Fernando ALONSO,ALO,14,Spa-Francorchamps,circuit,dry,108.051,109.6769761904762,31.63380952380952,48.91781395348837,29.473395348837208,1,9.0,8.0
Belgian Grand Prix,2024,Charles LECLERC,LEC,16,Spa-Francorchamps,circuit,dry,107.013,108.5131219512195,31.936953488372094,47.85753488372092,29.360790697674418,2,2.0,3.0
Belgian Grand Prix,2024,Lance STROLL,STR,18,Spa-Francorchamps,circuit,dry,108.105,109.90192857142858,31.55537209302326,49.26316279069767,29.424093023255818,1,15.0,11.0
Belgian Grand Prix,2024,Kevin MAGNUSSEN,MAG,20,Spa-Francorchamps,circuit,dry,107.848,109.9652619047619,31.551162790697674,49.27941860465116,29.469953488372095,1,17.0,14.0
Belgian Grand Prix,2024,Yuki TSUNODA,TSU,22,Spa-Francorchamps,circuit,dry,107.969,110.1737142857143,31.632279069767446,49.39737209302326,29.485139534883725,1,18.0,16.0
Belgian Grand Prix,2024,Alexander ALBON,ALB,23,Spa-Francorchamps,circuit,dry,107.996,109.68341463414635,31.746,49.1796511627907,29.385279069767442,2,11.0,12.0
Belgian Grand Prix,2024,ZHOU Guanyu,ZHO,24,Spa-Francorchamps,circuit,dry,112.099,134.8075,31.676,52.18166666666667,36.12075,0,20.0,
Belgian Grand Prix,2024,Nico HULKENBERG,HUL,27,Spa-Francorchamps,circuit,dry,108.954,110.17231707317072,31.82286046511628,49.41216279069767,29.595604651162787,2,16.0,18.0
Belgian Grand Prix,2024,Esteban OCON,OCO,31,Spa-Francorchamps,circuit,dry,106.957,109.40624390243903,31.55839534883721,49.20393023255814,29.278255813953486,2,10.0,9.0
Belgian Grand Prix,2024,Lewis HAMILTON,HAM,44,Spa-Francorchamps,circuit,dry,106.653,108.26278048780489,31.923000000000002,47.67032558139535,29.35704651162791,2,4.0,1.0
Belgian Grand Prix,2024,Carlos SAINZ,SAI,55,Spa-Francorchamps,circuit,dry,106.364,108.71514634146341,31.830046511627906,48.15395348837209,29.354720930232556,2,8.0,6.0
Belgian Grand Prix,2024,George RUSSELL,RUS,63,Spa-Francorchamps,circuit,dry,107.113,108.56716666666667,31.374452380952384,48.31639534883721,29.208255813953485,1,7.0,
Belgian Grand Prix,2024,Valtteri BOTTAS,BOT,77,Spa-Francorchamps,circuit,dry,107.019,109.84765853658536,31.83606976744186,49.07395348837209,29.529906976744186,2,14.0,15.0
Belgian Grand Prix,2024,Oscar PIASTRI,PIA,81,Spa-Francorchamps,circuit,dry,105.84,108.2789756097561,31.627999999999997,48.06246511627907,29.238953488372093,2,6.0,2.0
Dutch Grand Prix,2024,Max VERSTAPPEN,VER,1,Zandvoort,circuit,dry,74.752,75.6275142857143,25.888714285714286,27.315971830985916,22.697014084507042,1,2.0,2.0
Dutch Grand Prix,2024,Logan SARGEANT,SAR,2,Zandvoort,circuit,dry,75.539,77.1685652173913,26.39294285714286,28.009714285714285,23.039742857142855,1,,16.0
Dutch Grand Prix,2024,Daniel RICCIARDO,RIC,3,Zandvoort,circuit,dry,75.222,76.56104347826086,26.324714285714286,27.602371428571427,22.91057142857143,1,15.0,12.0
Dutch Grand Prix,2024,Lando NORRIS,NOR,4,Zandvoort,circuit,dry,73.817,75.27844285714286,25.70383098591549,27.335929577464785,22.51856338028169,1,1.0,1.0
Dutch Grand Prix,2024,Pierre GASLY,GAS,10,Zandvoort,circuit,dry,74.855,76.40236231884057,26.16604285714286,27.634585714285716,22.906071428571426,1,9.0,9.0
Dutch Grand Prix,2024,Sergio PEREZ,PER,11,Zandvoort,circuit,dry,74.587,75.7799,25.946338028169016,27.445774647887326,22.680140845070422,1,5.0,6.0
Dutch Grand Prix,2024,Fernando ALONSO,ALO,14,Zandvoort,circuit,dry,74.758,76.50027536231885,26.113014492753624,27.695014285714286,22.97792857142857,1,7.0,10.0
Dutch Grand Prix,2024,Charles LECLERC,LEC,16,Zandvoort,circuit,dry,74.585,75.63424285714285,25.91956338028169,27.43547887323944,22.527154929577463,1,6.0,3.0
Dutch Grand Prix,2024,Lance STROLL,STR,18,Zandvoort,circuit,dry,75.255,76.60002898550725,26.246385714285715,27.76412857142857,22.854171428571426,1,8.0,13.0
Dutch Grand Prix,2024,Kevin MAGNUSSEN,MAG,20,Zandvoort,circuit,dry,74.954,77.17823188405796,26.490691176470587,28.019757142857145,22.938742857142856,1,14.0,18.0
Dutch Grand Prix,2024,Yuki TSUNODA,TSU,22,Zandvoort,circuit,dry,75.552,76.93976470588235,26.764044117647057,27.729757142857142,23.004228571428573,2,12.0,17.0
Dutch Grand Prix,2024,Alexander ALBON,ALB,23,Zandvoort,circuit,dry,74.434,76.58173529411765,26.493885714285714,27.7147,22.901342857142858,2,,14.0
Dutch Grand Prix,2024,ZHOU Guanyu,ZHO,24,Zandvoort,circuit,dry,75.724,77.5360447761194,27.04323188405797,27.929057971014494,23.171521739130434,2,18.0,20.0
Dutch Grand Prix,2024,Nico HULKENBERG,HUL,27,Zandvoort,circuit,dry,75.657,76.56660869565218,26.18704285714286,27.822642857142856,22.823185714285714,1,13.0,11.0
Dutch Grand Prix,2024,Esteban OCON,OCO,31,Zandvoort,circuit,dry,75.39,76.93586956521739,26.39324285714286,27.71872857142857,23.0914,1,16.0,15.0
Dutch Grand Prix,2024,Lewis HAMILTON,HAM,44,Zandvoort,circuit,dry,73.878,75.65150724637681,26.151914285714287,27.348802816901408,22.664887323943663,2,11.0,8.0
Dutch Grand Prix,2024,Carlos SAINZ,SAI,55,Zandvoort,circuit,dry,74.117,75.6752,25.970281690140848,27.44181690140845,22.53412676056338,1,10.0,5.0
Dutch Grand Prix,2024,George RUSSELL,RUS,63,Zandvoort,circuit,dry,73.927,75.64301449275362,26.16361971830986,27.3586338028169,22.652492957746478,2,4.0,7.0
Dutch Grand Prix,2024,Valtteri BOTTAS,BOT,77,Zandvoort,circuit,dry,75.822,77.15976119402984,26.827797101449274,27.76976811594203,23.103971014492753,2,17.0,19.0
Dutch Grand Prix,2024,Oscar PIASTRI,PIA,81,Zandvoort,circuit,dry,74.237,75.65207142857142,25.72945070422535,27.576422535211268,22.61269014084507,1,3.0,4.0
Italian Grand Prix,2024,Max VERSTAPPEN,VER,1,Monza,circuit,dry,81.745,84.32752,28.434134615384615,28.699673076923077,28.025903846153845,2,7.0,6.0
Italian Grand Prix,2024,Daniel RICCIARDO,RIC,3,Monza,circuit,dry,84.219,85.37033333333333,28.166057692307692,29.11576923076923,28.60423076923077,1,12.0,13.0
Italian Grand Prix,2024,Lando NORRIS,NOR,4,Monza,circuit,dry,81.432,83.79992,28.171211538461538,28.58248076923077,27.82148076923077,2,1.0,3.0
Italian Grand Prix,2024,Pierre GASLY,GAS,10,Monza,circuit,dry,83.755,85.56661224489797,28.52974,29.254921568627452,28.58841176470588,2,14.0,15.0
Italian Grand Prix,2024,Sergio PEREZ,PER,11,Monza,circuit,dry,82.971,84.68172,28.36353846153846,28.899596153846154,28.182576923076923,2,8.0,8.0
Italian Grand Prix,2024,Fernando ALONSO,ALO,14,Monza,circuit,dry,82.944,84.9413,28.373884615384615,28.980634615384613,28.353384615384616,2,11.0,11.0
Italian Grand Prix,2024,Charles LECLERC,LEC,16,Monza,circuit,dry,83.226,84.07176470588234,27.870941176470588,28.604423076923077,28.005153846153846,1,4.0,1.0
Italian Grand Prix,2024,Lance STROLL,STR,18,Monza,circuit,dry,82.232,85.5834375,28.804529411764705,29.31013725490196,28.71719607843137,3,17.0,19.0
Italian Grand Prix,2024,Kevin MAGNUSSEN,MAG,20,Monza,circuit,dry,83.437,85.06029411764706,28.06955769230769,29.08230769230769,28.33078846153846,1,13.0,10.0
Italian Grand Prix,2024,Yuki TSUNODA,TSU,22,Monza,circuit,dry,86.198,90.23899999999999,28.23866666666667,30.5665,31.433833333333336,0,16.0,
Italian Grand Prix,2024,Alexander ALBON,ALB,23,Monza,circuit,dry,83.918,85.29774509803923,28.055038461538462,29.178423076923078,28.46303846153846,1,9.0,9.0
Italian Grand Prix,2024,ZHOU Guanyu,ZHO,24,Monza,circuit,dry,85.092,86.29843999999999,28.346372549019605,29.596431372549016,28.803274509803924,1,20.0,18.0
Italian Grand Prix,2024,Nico HULKENBERG,HUL,27,Monza,circuit,dry,83.275,85.29277551020407,28.933274509803923,29.233980392156862,28.422509803921567,2,10.0,17.0
Italian Grand Prix,2024,Esteban OCON,OCO,31,Monza,circuit,dry,84.343,85.86488,28.20592156862745,29.40143137254902,28.627039215686274,1,15.0,14.0
Italian Grand Prix,2024,Franco COLAPINTO,COL,43,Monza,circuit,dry,83.728,85.48629411764706,28.162230769230767,29.26303846153846,28.46223076923077,1,18.0,12.0
Italian Grand Prix,2024,Lewis HAMILTON,HAM,44,Monza,circuit,dry,81.512,84.11566,28.201372549019606,28.71375,27.987673076923077,2,6.0,5.0
Italian Grand Prix,2024,Carlos SAINZ,SAI,55,Monza,circuit,dry,83.219,84.35670588235294,27.942057692307692,28.783076923076923,28.024923076923077,1,5.0,4.0
Italian Grand Prix,2024,George RUSSELL,RUS,63,Monza,circuit,dry,82.036,84.2131,28.407826923076925,28.766269230769232,27.997634615384616,2,3.0,7.0
Italian Grand Prix,2024,Valtteri BOTTAS,BOT,77,Monza,circuit,dry,83.609,86.12201999999999,28.363607843137256,29.49098039215686,28.64664705882353,1,19.0,16.0
Italian Grand Prix,2024,Oscar PIASTRI,PIA,81,Monza,circuit,dry,81.943,83.7616,28.230057692307692,28.469807692307693,27.834134615384617,2,2.0,2.0
Azerbaijan Grand Prix,2024,Max VERSTAPPEN,VER,1,Baku,street,dry,106.798,109.48858333333334,40.009699999999995,44.5993,26.1833,2,6.0,5.0
Azerbaijan Grand Prix,2024,Daniel RICCIARDO,RIC,3,Baku,street,dry,108.38,110.88753061224489,40.56654,45.12066,26.3325,1,15.0,13.0
Azerbaijan Grand Prix,2024,Lando NORRIS,NOR,4,Baku,street,dry,105.255,109.54893877551021,39.58066,44.16698,26.06014,1,16.0,4.0
Azerbaijan Grand Prix,2024,Pierre GASLY,GAS,10,Baku,street,dry,108.018,110.332,40.10002,45.07162,26.243319999999997,1,,12.0
Azerbaijan Grand Prix,2024,Sergio PEREZ,PER,11,Baku,street,dry,107.013,108.13640425531915,39.03270833333333,43.82164583333333,25.63054166666667,1,4.0,17.0
Azerbaijan Grand Prix,2024,Fernando ALONSO,ALO,14,Baku,street,dry,107.057,110.62297959183672,40.03808,44.81,26.073420000000002,1,8.0,6.0
Azerbaijan Grand Prix,2024,Charles LECLERC,LEC,16,Baku,street,dry,107.067,109.19877551020407,39.52908,44.0624,25.944740000000003,1,1.0,2.0
Azerbaijan Grand Prix,2024,Lance STROLL,STR,18,Baku,street,dry,108.148,109.90909523809523,39.97054545454545,44.730954545454544,25.981818181818184,2,14.0,19.0
Azerbaijan Grand Prix,2024,Yuki TSUNODA,TSU,22,Baku,street,dry,110.887,113.92191666666668,42.15661538461539,45.84107692307692,27.310153846153845,1,12.0,
Azerbaijan Grand Prix,2024,Alexander ALBON,ALB,23,Baku,street,dry,106.947,110.6204081632653,40.27478,44.54428,26.108060000000002,1,10.0,7.0
Azerbaijan Grand Prix,2024,ZHOU Guanyu,ZHO,24,Baku,street,dry,107.644,111.7301836734694,40.688939999999995,45.02568,26.30634,1,18.0,14.0
Azerbaijan Grand Prix,2024,Nico HULKENBERG,HUL,27,Baku,street,dry,107.691,110.6368163265306,40.31287755102041,44.53904000000001,26.13044,1,13.0,11.0
Azerbaijan Grand Prix,2024,Esteban OCON,OCO,31,Baku,street,dry,108.831,110.54731249999999,40.38408163265306,45.158632653061225,26.138551020408162,1,19.0,15.0
Azerbaijan Grand Prix,2024,Franco COLAPINTO,COL,43,Baku,street,dry,107.274,110.67338775510204,40.236979591836736,44.73406,26.030659999999997,1,9.0,8.0
Azerbaijan Grand Prix,2024,Lewis HAMILTON,HAM,44,Baku,street,dry,107.236,110.57034693877551,40.29552,44.77064,25.82792,1,7.0,9.0
Azerbaijan Grand Prix,2024,Oliver BEARMAN,BEA,50,Baku,street,dry,107.048,110.69736734693878,40.19808,44.70996,26.11448,1,11.0,10.0
Azerbaijan Grand Prix,2024,Carlos SAINZ,SAI,55,Baku,street,dry,106.866,108.11936170212765,38.9239375,43.86320833333334,25.69141666666667,1,3.0,18.0
Azerbaijan Grand Prix,2024,George RUSSELL,RUS,63,Baku,street,dry,106.628,109.56595918367347,39.6901,44.23798,25.93022,1,5.0,3.0
Azerbaijan Grand Prix,2024,Valtteri BOTTAS,BOT,77,Baku,street,dry,108.418,111.50147916666667,40.52,44.913326530612245,26.381632653061224,1,17.0,16.0
Azerbaijan Grand Prix,2024,Oscar PIASTRI,PIA,81,Baku,street,dry,107.06,109.01736734693877,39.4612,43.938199999999995,25.90268,1,2.0,1.0
Singapore Grand Prix,2024,Max VERSTAPPEN,VER,1,Singapore,street,dry,95.967,97.55189999999999,29.178333333333335,41.261409836065575,27.466688524590165,1,2.0,2.0
Singapore Grand Prix,2024,Daniel RICCIARDO,RIC,3,Singapore,street,dry,94.486,99.51214035087719,30.268466666666665,42.0923,28.1567,3,16.0,18.0
Singapore Grand Prix,2024,Lando NORRIS,NOR,4,Singapore,street,dry,94.925,97.22898333333333,29.098081967213115,41.007229508196716,27.470868852459017,1,1.0,1.0
Singapore Grand Prix,2024,Pierre GASLY,GAS,10,Singapore,street,dry,96.927,99.62720338983051,29.65945,42.39235,27.942349999999998,1,18.0,17.0
Singapore Grand Prix,2024,Sergio PEREZ,PER,11,Singapore,street,dry,97.477,98.84366101694916,29.359750000000002,41.948049999999995,27.84295,1,13.0,10.0
Singapore Grand Prix,2024,Fernando ALONSO,ALO,14,Singapore,street,dry,97.741,98.78596610169492,29.328983333333333,42.08781666666667,27.700866666666666,1,7.0,8.0
Singapore Grand Prix,2024,Charles LECLERC,LEC,16,Singapore,street,dry,95.371,98.17905,29.131049180327867,41.72975409836065,27.629540983606557,1,9.0,5.0
Singapore Grand Prix,2024,Lance STROLL,STR,18,Singapore,street,dry,97.851,99.44291525423728,29.49845,42.35295,27.940816666666667,1,17.0,14.0
Singapore Grand Prix,2024,Kevin MAGNUSSEN,MAG,20,Singapore,street,dry,94.754,100.8666111111111,29.922607142857142,43.09571428571429,28.794125,2,14.0,19.0
Singapore Grand Prix,2024,Yuki TSUNODA,TSU,22,Singapore,street,dry,96.393,98.83627118644068,29.4479,41.94871666666666,27.811116666666667,1,8.0,12.0
Singapore Grand Prix,2024,Alexander ALBON,ALB,23,Singapore,street,dry,96.888,102.4543076923077,31.122285714285713,42.915214285714285,29.529071428571427,1,11.0,
Singapore Grand Prix,2024,ZHOU Guanyu,ZHO,24,Singapore,street,dry,97.461,99.59923728813558,29.561101694915255,42.27741666666667,28.09671666666667,1,20.0,15.0
Singapore Grand Prix,2024,Nico HULKENBERG,HUL,27,Singapore,street,dry,97.47,98.78554237288135,29.448333333333334,42.03713333333334,27.680999999999997,1,6.0,9.0
Singapore Grand Prix,2024,Esteban OCON,OCO,31,Singapore,street,dry,97.964,99.42437288135594,29.566750000000003,42.3337,27.877033333333333,1,15.0,13.0
Singapore Grand Prix,2024,Franco COLAPINTO,COL,43,Singapore,street,dry,97.262,98.80635593220339,29.44025,41.881483333333335,27.864250000000002,1,12.0,11.0
Singapore Grand Prix,2024,Lewis HAMILTON,HAM,44,Singapore,street,dry,97.393,98.60681666666666,29.465639344262296,41.83416393442623,27.636540983606558,1,3.0,6.0
Singapore Grand Prix,2024,Carlos SAINZ,SAI,55,Singapore,street,dry,96.561,98.70236666666666,29.30995081967213,41.90777049180328,27.78406557377049,1,10.0,7.0
Singapore Grand Prix,2024,George RUSSELL,RUS,63,Singapore,street,dry,97.047,98.21213333333334,29.28249180327869,41.6672131147541,27.571426229508198,1,4.0,4.0
Singapore Grand Prix,2024,Valtteri BOTTAS,BOT,77,Singapore,street,dry,97.524,99.61886440677966,29.614033333333335,42.359500000000004,27.977116666666667,1,19.0,16.0
Singapore Grand Prix,2024,Oscar PIASTRI,PIA,81,Singapore,street,dry,95.745,97.85958333333333,29.12501639344262,41.56585245901639,27.491524590163934,1,5.0,3.0
United States Grand Prix,2024,Max VERSTAPPEN,VER,1,Austin,circuit,dry,98.117,101.99583333333332,27.489672727272726,40.694472727272725,34.13210909090909,1,2.0,3.0
United States Grand Prix,2024,Lando NORRIS,NOR,4,Austin,circuit,dry,97.679,101.89788888888889,27.522363636363636,40.56590909090909,34.13156363636364,1,1.0,4.0
United States Grand Prix,2024,Pierre GASLY,GAS,10,Austin,circuit,dry,98.311,103.0546111111111,27.892236363636364,40.97921818181818,34.59710909090909,1,7.0,12.0
United States Grand Prix,2024,Sergio PEREZ,PER,11,Austin,circuit,dry,98.514,102.645,27.45750909090909,41.08256363636364,34.41696363636363,1,10.0,7.0
United States Grand Prix,2024,Fernando ALONSO,ALO,14,Austin,circuit,dry,99.261,103.47371698113207,27.838444444444445,41.3385925925926,34.61822222222222,1,8.0,13.0
United States Grand Prix,2024,Charles LECLERC,LEC,16,Austin,circuit,dry,97.834,101.66907407407408,27.479563636363636,40.49307272727273,34.02103636363636,1,4.0,1.0
United States Grand Prix,2024,Lance STROLL,STR,18,Austin,circuit,dry,99.214,103.67681132075472,28.0185,41.42783333333333,34.592592592592595,1,14.0,15.0
United States Grand Prix,2024,Kevin MAGNUSSEN,MAG,20,Austin,circuit,dry,98.21,102.75358490566038,27.954272727272727,41.00667272727273,34.39083636363637,2,9.0,11.0
United States Grand Prix,2024,Yuki TSUNODA,TSU,22,Austin,circuit,dry,99.193,103.47905660377359,28.03372222222222,41.288555555555554,34.515462962962964,1,11.0,14.0
United States Grand Prix,2024,Alexander ALBON,ALB,23,Austin,circuit,dry,99.084,102.66873076923078,28.317759259259258,41.23868518518519,34.45211111111111,2,16.0,16.0
United States Grand Prix,2024,ZHOU Guanyu,ZHO,24,Austin,circuit,dry,99.272,103.85534615384616,28.626925925925928,41.50233333333334,34.48937037037037,2,20.0,19.0
United States Grand Prix,2024,Nico HULKENBERG,HUL,27,Austin,circuit,dry,98.404,102.65261111111111,27.732363636363637,40.9712,34.30574545454545,1,12.0,8.0
United States Grand Prix,2024,Liam LAWSON,LAW,30,Austin,circuit,dry,98.091,102.80796296296296,27.687763636363638,41.100618181818184,34.32485454545454,1,15.0,9.0
United States Grand Prix,2024,Esteban OCON,OCO,31,Austin,circuit,dry,97.33,103.54767307692308,28.23362962962963,41.429648148148146,34.688685185185186,2,13.0,18.0
United States Grand Prix,2024,Franco COLAPINTO,COL,43,Austin,circuit,dry,97.611,102.82375925925926,27.681740740740743,41.07801818181819,34.37034545454545,1,17.0,10.0
United States Grand Prix,2024,Lewis HAMILTON,HAM,44,Austin,circuit,dry,,,,,,0,19.0,
United States Grand Prix,2024,Carlos SAINZ,SAI,55,Austin,circuit,dry,97.763,101.81538888888889,27.508363636363637,40.5236,34.075818181818185,1,3.0,2.0
United States Grand Prix,2024,George RUSSELL,RUS,63,Austin,circuit,dry,97.656,102.40877777777777,27.60161111111111,40.86407272727273,34.36423636363636,1,6.0,6.0
United States Grand Prix,2024,Valtteri BOTTAS,BOT,77,Austin,circuit,dry,100.575,103.9927358490566,28.089185185185187,41.497129629629626,34.733444444444444,1,18.0,17.0
United States Grand Prix,2024,Oscar PIASTRI,PIA,81,Austin,circuit,dry,97.883,102.00516666666665,27.582109090909093,40.65152727272727,34.08678181818182,1,5.0,5.0
Mexico City Grand Prix,2024,Max VERSTAPPEN,VER,1,Mexico City,circuit,dry,80.872,85.33914492753622,31.238528571428574,32.75978571428571,21.8631,1,2.0,6.0
Mexico City Grand Prix,2024,Lando NORRIS,NOR,4,Mexico City,circuit,dry,79.691,84.80147826086956,30.58824285714286,32.59722857142857,21.831685714285715,1,3.0,2.0
Mexico City Grand Prix,2024,Pierre GASLY,GAS,10,Mexico City,circuit,dry,81.274,86.05873529411764,31.236852941176473,32.77783823529412,22.038840579710147,1,8.0,10.0
Mexico City Grand Prix,2024,Sergio PEREZ,PER,11,Mexico City,circuit,dry,79.209,86.28789393939394,32.034579710144925,32.842652173913045,22.10455072463768,3,18.0,17.0
Mexico City Grand Prix,2024,Fernando ALONSO,ALO,14,Mexico City,circuit,dry,82.722,100.03307142857143,40.10261538461538,36.20892307692308,24.69014285714286,0,13.0,
Mexico City Grand Prix,2024,Charles LECLERC,LEC,16,Mexico City,circuit,dry,78.336,84.99413235294116,30.790185714285716,32.71465714285714,21.9146,2,4.0,3.0
Mexico City Grand Prix,2024,Lance STROLL,STR,18,Mexico City,circuit,dry,81.311,86.10879411764707,31.400529411764705,32.92517391304348,22.039420289855073,1,14.0,11.0
Mexico City Grand Prix,2024,Kevin MAGNUSSEN,MAG,20,Mexico City,circuit,dry,80.637,85.51382608695651,30.885357142857142,32.79738571428572,22.06952857142857,1,7.0,7.0
Mexico City Grand Prix,2024,Yuki TSUNODA,TSU,22,Mexico City,circuit,dry,,,,,,0,11.0,
Mexico City Grand Prix,2024,Alexander ALBON,ALB,23,Mexico City,circuit,dry,,,,,,0,9.0,
Mexico City Grand Prix,2024,ZHOU Guanyu,ZHO,24,Mexico City,circuit,dry,81.553,86.50335294117647,31.691405797101446,33.00631884057971,22.044144927536234,1,20.0,15.0
Mexico City Grand Prix,2024,Nico HULKENBERG,HUL,27,Mexico City,circuit,dry,80.748,85.85929411764705,31.13027536231884,32.93776811594203,22.0178115942029,1,10.0,9.0
Mexico City Grand Prix,2024,Liam LAWSON,LAW,30,Mexico City,circuit,dry,79.502,86.36662686567165,31.76684057971014,32.9988115942029,22.181159420289855,2,12.0,16.0
Mexico City Grand Prix,2024,Esteban OCON,OCO,31,Mexico City,circuit,dry,80.659,86.17401470588234,31.460478260869568,32.80805797101449,22.11865217391304,1,19.0,13.0
Mexico City Grand Prix,2024,Franco COLAPINTO,COL,43,Mexico City,circuit,dry,80.09,86.06263235294118,31.42889855072464,32.92655072463768,21.94627536231884,1,16.0,12.0
Mexico City Grand Prix,2024,Lewis HAMILTON,HAM,44,Mexico City,circuit,dry,80.371,85.3145072463768,30.76307142857143,32.83504285714286,21.94967142857143,1,6.0,4.0
Mexico City Grand Prix,2024,Carlos SAINZ,SAI,55,Mexico City,circuit,dry,80.137,84.76468115942029,30.596714285714285,32.711885714285714,21.67105714285714,1,1.0,1.0
Mexico City Grand Prix,2024,George RUSSELL,RUS,63,Mexico City,circuit,dry,80.731,85.31915942028985,30.9587,32.662299999999995,21.941914285714287,1,5.0,5.0
Mexico City Grand Prix,2024,Valtteri BOTTAS,BOT,77,Mexico City,circuit,dry,81.085,86.258,31.611724637681156,32.730999999999995,22.142521739130437,1,15.0,14.0
Mexico City Grand Prix,2024,Oscar PIASTRI,PIA,81,Mexico City,circuit,dry,80.064,85.32704347826086,31.159114285714285,32.525557142857146,21.847971428571427,1,17.0,8.0
So Paulo Grand Prix,2024,Max VERSTAPPEN,VER,1,Interlagos,circuit,wet,80.472,88.93819402985075,22.549298507462687,46.95991176470588,20.249632352941177,1,12.0,1.0
So Paulo Grand Prix,2024,Lando NORRIS,NOR,4,Interlagos,circuit,wet,81.517,89.11853030303031,22.929358208955225,46.89983823529411,20.47726470588235,2,1.0,6.0
So Paulo Grand Prix,2024,Pierre GASLY,GAS,10,Interlagos,circuit,wet,81.645,89.37925373134328,22.57758208955224,47.13375,20.4695,1,15.0,3.0
So Paulo Grand Prix,2024,Sergio PEREZ,PER,11,Interlagos,circuit,wet,82.143,89.62648484848485,23.00071212121212,46.8969705882353,20.41663235294118,2,13.0,11.0
So Paulo Grand Prix,2024,Fernando ALONSO,ALO,14,Interlagos,circuit,wet,82.293,89.97192424242424,23.183477611940297,46.753235294117644,20.89123529411765,2,9.0,14.0
So Paulo Grand Prix,2024,Charles LECLERC,LEC,16,Interlagos,circuit,wet,81.631,89.44462121212122,22.8944776119403,46.80588235294118,20.46745588235294,2,6.0,5.0
So Paulo Grand Prix,2024,Lance STROLL,STR,18,Interlagos,circuit,wet,,,,,,0,10.0,
So Paulo Grand Prix,2024,Yuki TSUNODA,TSU,22,Interlagos,circuit,wet,81.828,89.44881818181818,22.921044776119402,47.05295588235294,20.40105882352941,2,3.0,7.0
So Paulo Grand Prix,2024,ZHOU Guanyu,ZHO,24,Interlagos,circuit,wet,83.058,90.002296875,24.502641791044773,47.52963235294118,20.75470588235294,4,20.0,15.0
So Paulo Grand Prix,2024,Nico HULKENBERG,HUL,27,Interlagos,circuit,wet,83.764,92.55015384615385,25.989464285714288,46.97679310344827,21.31148275862069,3,19.0,
So Paulo Grand Prix,2024,Liam LAWSON,LAW,30,Interlagos,circuit,wet,82.123,89.53301515151516,23.153363636363636,46.74573529411765,20.57045588235294,2,5.0,9.0
So Paulo Grand Prix,2024,Esteban OCON,OCO,31,Interlagos,circuit,wet,81.771,89.27785074626865,22.61955223880597,47.21861764705882,20.264632352941177,1,4.0,2.0
So Paulo Grand Prix,2024,Franco COLAPINTO,COL,43,Interlagos,circuit,wet,84.296,88.79203571428572,23.702310344827584,46.81458620689655,19.425103448275863,2,18.0,
So Paulo Grand Prix,2024,Lewis HAMILTON,HAM,44,Interlagos,circuit,wet,82.041,89.60592424242424,22.924492537313434,46.828147058823525,20.640102941176472,2,16.0,10.0
So Paulo Grand Prix,2024,Oliver BEARMAN,BEA,50,Interlagos,circuit,wet,82.494,89.61640909090909,23.13931343283582,46.9477205882353,20.460102941176473,2,17.0,12.0
So Paulo Grand Prix,2024,Carlos SAINZ,SAI,55,Interlagos,circuit,wet,84.201,91.24777142857143,23.85325,47.677864864864866,20.994513513513514,2,14.0,
So Paulo Grand Prix,2024,George RUSSELL,RUS,63,Interlagos,circuit,wet,81.645,89.08183333333334,22.963,46.81154411764706,20.40085294117647,2,2.0,4.0
So Paulo Grand Prix,2024,Valtteri BOTTAS,BOT,77,Interlagos,circuit,wet,82.877,90.28228358208955,22.895253731343285,47.06027941176471,20.590382352941177,1,11.0,13.0
So Paulo Grand Prix,2024,Oscar PIASTRI,PIA,81,Interlagos,circuit,wet,81.532,89.2965303030303,22.997611940298505,46.67288235294117,20.530264705882352,2,8.0,8.0
Las Vegas Grand Prix,2024,Max VERSTAPPEN,VER,1,Las Vegas,street,dry,96.248,98.01851063829787,28.722687500000003,32.964346938775506,37.026061224489794,2,5.0,5.0
Las Vegas Grand Prix,2024,Lando NORRIS,NOR,4,Las Vegas,street,dry,94.876,98.32047826086956,29.067122448979593,33.154979591836735,37.003571428571426,3,6.0,6.0
Las Vegas Grand Prix,2024,Pierre GASLY,GAS,10,Las Vegas,street,dry,98.314,101.14838461538463,30.28392857142857,33.692,38.284285714285716,1,3.0,
Las Vegas Grand Prix,2024,Sergio PEREZ,PER,11,Las Vegas,street,dry,96.326,98.82506382978724,28.994204081632653,33.25477551020408,37.256959183673466,2,16.0,10.0
Las Vegas Grand Prix,2024,Fernando ALONSO,ALO,14,Las Vegas,street,dry,96.553,98.99270212765958,29.15269387755102,33.37016326530612,37.11675510204082,2,17.0,11.0
Las Vegas Grand Prix,2024,Charles LECLERC,LEC,16,Las Vegas,street,dry,95.674,98.02248936170213,28.836244897959187,33.064020408163266,36.78032653061225,2,4.0,4.0
Las Vegas Grand Prix,2024,Lance STROLL,STR,18,Las Vegas,street,dry,97.179,98.97804255319149,29.538857142857143,33.29036734693878,37.096163265306124,2,20.0,15.0
Las Vegas Grand Prix,2024,Kevin MAGNUSSEN,MAG,20,Las Vegas,street,dry,96.557,99.27939583333334,28.929755102040815,33.501163265306126,37.225367346938775,1,12.0,12.0
Las Vegas Grand Prix,2024,Yuki TSUNODA,TSU,22,Las Vegas,street,dry,96.957,98.94097872340424,29.23427659574468,33.2375306122449,37.191918367346936,2,7.0,9.0
Las Vegas Grand Prix,2024,Alexander ALBON,ALB,23,Las Vegas,street,dry,98.008,100.09134782608696,29.395666666666667,33.60570833333333,37.785041666666665,1,18.0,
Las Vegas Grand Prix,2024,ZHOU Guanyu,ZHO,24,Las Vegas,street,dry,96.324,99.03674468085106,29.04957142857143,33.47681632653061,37.256795918367345,2,13.0,13.0
Las Vegas Grand Prix,2024,Nico HULKENBERG,HUL,27,Las Vegas,street,dry,96.585,98.86048936170214,29.059408163265307,33.367714285714285,37.10557142857143,2,9.0,8.0
Las Vegas Grand Prix,2024,Liam LAWSON,LAW,30,Las Vegas,street,dry,96.98,99.41806382978724,29.260204081632654,33.296510204081635,37.51585714285714,2,15.0,16.0
Las Vegas Grand Prix,2024,Esteban OCON,OCO,31,Las Vegas,street,dry,96.511,99.3916888888889,29.56041666666667,33.454125,37.350375,3,11.0,17.0
Las Vegas Grand Prix,2024,Franco COLAPINTO,COL,43,Las Vegas,street,dry,96.867,99.09702127659575,29.190408163265303,33.50287755102041,37.01114285714286,2,14.0,14.0
Las Vegas Grand Prix,2024,Lewis HAMILTON,HAM,44,Las Vegas,street,dry,95.48,97.7943829787234,28.618938775510202,33.00855102040816,36.81438775510204,2,10.0,2.0
Las Vegas Grand Prix,2024,Carlos SAINZ,SAI,55,Las Vegas,street,dry,95.875,97.98544680851063,28.667204081632654,33.10977551020408,36.84644897959184,2,2.0,3.0
Las Vegas Grand Prix,2024,George RUSSELL,RUS,63,Las Vegas,street,dry,95.717,97.74989361702127,28.58877551020408,32.77510204081633,37.01697959183674,2,1.0,1.0
Las Vegas Grand Prix,2024,Valtteri BOTTAS,BOT,77,Las Vegas,street,dry,96.601,99.7845652173913,29.4201875,33.6036875,37.41591666666667,2,19.0,18.0
Las Vegas Grand Prix,2024,Oscar PIASTRI,PIA,81,Las Vegas,street,dry,96.598,98.59014893617021,29.06569387755102,33.352591836734696,36.93659183673469,2,8.0,7.0
Qatar Grand Prix,2024,Max VERSTAPPEN,VER,1,Lusail,circuit,dry,82.905,91.79401886792452,35.459250000000004,31.221589285714288,28.925928571428575,3,1.0,1.0
Qatar Grand Prix,2024,Lando NORRIS,NOR,4,Lusail,circuit,dry,82.384,92.07484615384615,35.89848214285714,31.219607142857143,29.086375,4,3.0,10.0
Qatar Grand Prix,2024,Pierre GASLY,GAS,10,Lusail,circuit,dry,83.705,92.85171698113207,34.99725,31.421357142857143,29.138410714285715,3,11.0,5.0
Qatar Grand Prix,2024,Sergio PEREZ,PER,11,Lusail,circuit,dry,85.288,91.7934705882353,35.942054054054054,31.787324324324327,28.756378378378383,3,9.0,
Qatar Grand Prix,2024,Fernando ALONSO,ALO,14,Lusail,circuit,dry,83.667,93.12535849056604,35.319607142857144,31.471392857142856,28.959321428571428,3,8.0,7.0
Qatar Grand Prix,2024,Charles LECLERC,LEC,16,Lusail,circuit,dry,83.242,92.09201886792454,35.44074545454546,31.139642857142857,29.092714285714287,3,5.0,2.0
Qatar Grand Prix,2024,Lance STROLL,STR,18,Lusail,circuit,dry,90.935,109.3616,46.57842857142857,34.444,38.23028571428572,2,15.0,
Qatar Grand Prix,2024,Kevin MAGNUSSEN,MAG,20,Lusail,circuit,dry,84.259,93.99767924528302,35.43528571428571,31.318928571428568,29.095428571428574,3,10.0,9.0
Qatar Grand Prix,2024,Yuki TSUNODA,TSU,22,Lusail,circuit,dry,86.144,93.35913461538462,35.972,31.5465,28.886374999999997,4,14.0,13.0
Qatar Grand Prix,2024,Alexander ALBON,ALB,23,Lusail,circuit,dry,85.559,94.34749019607843,36.22692727272727,31.69130909090909,29.225545454545454,4,16.0,15.0
Qatar Grand Prix,2024,ZHOU Guanyu,ZHO,24,Lusail,circuit,dry,83.889,93.09722641509434,35.104214285714285,31.383910714285715,29.16614285714286,3,12.0,8.0
Qatar Grand Prix,2024,Nico HULKENBERG,HUL,27,Lusail,circuit,dry,85.767,93.25661764705882,36.18592105263158,31.424105263157895,28.948842105263157,4,18.0,
Qatar Grand Prix,2024,Liam LAWSON,LAW,30,Lusail,circuit,dry,86.076,93.25498076923077,36.31035714285714,31.345750000000002,28.676892857142857,4,17.0,14.0
Qatar Grand Prix,2024,Esteban OCON,OCO,31,Lusail,circuit,dry,,,,,,1,20.0,
Qatar Grand Prix,2024,Franco COLAPINTO,COL,43,Lusail,circuit,dry,,,,,,1,19.0,
Qatar Grand Prix,2024,Lewis HAMILTON,HAM,44,Lusail,circuit,dry,83.865,92.81046153846154,35.65225,31.68153571428571,29.04417857142857,4,6.0,12.0
Qatar Grand Prix,2024,Carlos SAINZ,SAI,55,Lusail,circuit,dry,83.465,93.11149056603773,35.24657142857143,31.480142857142855,29.048375,3,7.0,6.0
Qatar Grand Prix,2024,George RUSSELL,RUS,63,Lusail,circuit,dry,83.355,92.73365384615384,35.50730357142857,31.30094642857143,28.884535714285715,4,2.0,4.0
Qatar Grand Prix,2024,Valtteri BOTTAS,BOT,77,Lusail,circuit,dry,85.533,93.97918867924528,35.438892857142854,31.386214285714285,29.308535714285714,3,13.0,11.0
Qatar Grand Prix,2024,Oscar PIASTRI,PIA,81,Lusail,circuit,dry,83.218,92.68273584905661,35.388285714285715,31.331410714285713,28.88082142857143,3,4.0,3.0
Abu Dhabi Grand Prix,2024,Max VERSTAPPEN,VER,1,Yas Marina Circuit,circuit,dry,87.765,89.71666071428571,18.492719298245614,38.69929824561404,33.0470701754386,1,5.0,6.0
Abu Dhabi Grand Prix,2024,Lando NORRIS,NOR,4,Yas Marina Circuit,circuit,dry,87.438,89.18992857142858,18.372877192982454,38.473333333333336,32.66517543859649,1,1.0,1.0
Abu Dhabi Grand Prix,2024,Pierre GASLY,GAS,10,Yas Marina Circuit,circuit,dry,89.212,90.39433928571428,18.4289649122807,38.938807017543866,33.36673684210526,1,6.0,7.0
Abu Dhabi Grand Prix,2024,Sergio PEREZ,PER,11,Yas Marina Circuit,circuit,dry,,,,,,0,10.0,
Abu Dhabi Grand Prix,2024,Fernando ALONSO,ALO,14,Yas Marina Circuit,circuit,dry,87.948,90.14685454545454,18.72761403508772,38.86682456140351,33.273947368421055,2,8.0,9.0
Abu Dhabi Grand Prix,2024,Charles LECLERC,LEC,16,Yas Marina Circuit,circuit,dry,88.018,89.62344642857143,18.366175438596493,38.51598245614035,33.075298245614036,1,14.0,3.0
Abu Dhabi Grand Prix,2024,Lance STROLL,STR,18,Yas Marina Circuit,circuit,dry,88.604,90.49459259259258,18.830185185185186,38.816053571428576,33.611785714285716,2,13.0,14.0
Abu Dhabi Grand Prix,2024,Kevin MAGNUSSEN,MAG,20,Yas Marina Circuit,circuit,dry,85.637,90.62930769230769,19.673928571428572,38.908,33.80983928571429,4,15.0,16.0
Abu Dhabi Grand Prix,2024,Yuki TSUNODA,TSU,22,Yas Marina Circuit,circuit,dry,89.2,90.8308909090909,18.470910714285715,39.110125,33.59792857142857,1,11.0,12.0
Abu Dhabi Grand Prix,2024,Alexander ALBON,ALB,23,Yas Marina Circuit,circuit,dry,89.438,90.7887090909091,18.53061818181818,38.93585714285714,33.67275,1,16.0,11.0
Abu Dhabi Grand Prix,2024,ZHOU Guanyu,ZHO,24,Yas Marina Circuit,circuit,dry,87.982,90.38985185185184,18.915767857142857,38.98217857142857,33.34985714285715,2,17.0,13.0
Abu Dhabi Grand Prix,2024,Nico HULKENBERG,HUL,27,Yas Marina Circuit,circuit,dry,89.152,90.42317857142858,18.501947368421053,38.769754385964916,33.48877192982456,1,4.0,8.0
Abu Dhabi Grand Prix,2024,Liam LAWSON,LAW,30,Yas Marina Circuit,circuit,dry,88.751,90.73568627450982,19.492555555555555,39.105444444444444,33.58592592592592,3,12.0,17.0
Abu Dhabi Grand Prix,2024,Franco COLAPINTO,COL,43,Yas Marina Circuit,circuit,dry,89.411,93.86575,19.31876,39.95864,35.43956,1,19.0,
Abu Dhabi Grand Prix,2024,Lewis HAMILTON,HAM,44,Yas Marina Circuit,circuit,dry,87.278,89.66371428571428,18.235877192982453,38.75033333333333,33.011859649122805,1,18.0,4.0
Abu Dhabi Grand Prix,2024,Carlos SAINZ,SAI,55,Yas Marina Circuit,circuit,dry,87.765,89.260125,18.36978947368421,38.36478947368421,32.846543859649124,1,3.0,2.0
Abu Dhabi Grand Prix,2024,Jack DOOHAN,DOO,61,Yas Marina Circuit,circuit,dry,89.121,91.04159999999999,18.409214285714285,39.2665,33.72217857142857,1,20.0,15.0
Abu Dhabi Grand Prix,2024,George RUSSELL,RUS,63,Yas Marina Circuit,circuit,dry,88.195,89.77316071428571,18.254684210526317,38.71094736842105,33.14226315789474,1,7.0,5.0
Abu Dhabi Grand Prix,2024,Valtteri BOTTAS,BOT,77,Yas Marina Circuit,circuit,dry,89.482,93.46303571428572,19.66096551724138,40.27013793103448,34.796379310344825,1,9.0,
Abu Dhabi Grand Prix,2024,Oscar PIASTRI,PIA,81,Yas Marina Circuit,circuit,dry,87.69,89.8549090909091,18.900642857142856,38.65164912280702,33.226,2,2.0,10.0
